cpu_all_util_percent,cpu_frequency_ghz,memory_util_gb,energy_util_during_interval_j,sda_write_count_during_interval,sda_read_count_during_interval
14.01,2.705,5.807826995849609,120.919308,0.0,0.0
,,,0.0,0.0,0.0
14.24,2.699,5.8152618408203125,194.864186,2.0,0.0
,,,0.0,0.0,0.0
14.54,2.699,5.818393707275391,188.310614,0.0,0.0
14.83,2.699,5.820407867431641,178.508515,0.0,0.0
15.1,2.699,5.8212127685546875,141.806033,0.0,0.0
,,,0.0,0.0,0.0
15.29,2.696,5.820919036865234,172.538926,5.0,0.0
