cpu_all_util_percent,cpu_frequency_ghz,memory_util_gb,energy_util_during_interval_j,sda_write_count_during_interval,sda_read_count_during_interval
14.73,2.706,5.815910339355469,143.24414,0.0,0.0
,,,0.0,0.0,0.0
14.92,2.699,5.8255462646484375,181.144739,3.0,0.0
15.1,2.696,5.8264007568359375,168.033749,0.0,0.0
,,,0.0,0.0,0.0
15.3,2.699,5.830097198486328,177.851535,2.0,0.0
,,,0.0,0.0,0.0
15.49,2.7,5.832500457763672,186.94819,62.0,0.0
,,,0.0,0.0,0.0
15.68,2.699,5.830253601074219,188.668402,0.0,0.0
