cpu_all_util_percent,cpu_frequency_ghz,memory_util_gb,energy_util_during_interval_j,sda_write_count_during_interval,sda_read_count_during_interval
11.14,2.7,5.801342010498047,183.530841,2.0,0.0
,,,0.0,0.0,0.0
11.83,2.699,5.807209014892578,191.018676,0.0,0.0
12.5,2.699,5.809047698974609,187.283151,0.0,0.0
,,,0.0,0.0,0.0
13.15,2.699,5.811714172363281,189.285831,0.0,0.0
,,,0.0,0.0,0.0
13.8,2.698,5.812736511230469,188.860295,2.0,0.0
14.43,2.699,5.813983917236328,187.443307,0.0,0.0
